{"cameraMode":{"drawMode":0,"name":"Shaded","section":"Shading Mode"},"sceneLighting":false,"audioPlay":false,"sceneViewState":{"m_AlwaysRefresh":false,"showFog":true,"showSkybox":false,"showFlares":true,"showImageEffects":true,"showParticleSystems":true,"showVisualEffectGraphs":true,"m_FxEnabled":true},"in2DMode":false,"pivot":{"x":4.553449630737305,"y":0.0000069141387939453129,"z":5.260000228881836},"rotation":{"x":0.36267217993736269,"y":-0.4880398213863373,"z":0.2332228720188141,"w":0.7588810920715332},"size":15.806997299194336,"orthographic":false}