{"cameraMode":{"drawMode":0,"name":"Shaded","section":"Shading Mode"},"sceneLighting":false,"audioPlay":false,"sceneViewState":{"m_AlwaysRefresh":false,"showFog":true,"showSkybox":false,"showFlares":true,"showImageEffects":true,"showParticleSystems":true,"showVisualEffectGraphs":true,"m_FxEnabled":true},"in2DMode":false,"pivot":{"x":-145.62998962402345,"y":138.01748657226563,"z":11.755330085754395},"rotation":{"x":-0.05378167703747749,"y":0.9402028322219849,"z":-0.28997674584388735,"w":-0.17125719785690309},"size":17.640880584716798,"orthographic":false}