{"cameraMode":{"drawMode":0,"name":"Shaded","section":"Shading Mode"},"sceneLighting":false,"audioPlay":false,"sceneViewState":{"m_AlwaysRefresh":false,"showFog":true,"showSkybox":false,"showFlares":true,"showImageEffects":true,"showParticleSystems":true,"showVisualEffectGraphs":true,"m_FxEnabled":true},"in2DMode":false,"pivot":{"x":-100.43154907226563,"y":10.000007629394532,"z":37.040000915527347},"rotation":{"x":0.18813927471637727,"y":0.17282676696777345,"z":-0.033663634210824969,"w":0.9662392139434815},"size":6.629541397094727,"orthographic":false}