{"cameraMode":{"drawMode":0,"name":"Shaded","section":"Shading Mode"},"sceneLighting":false,"audioPlay":false,"sceneViewState":{"m_AlwaysRefresh":false,"showFog":true,"showSkybox":false,"showFlares":true,"showImageEffects":true,"showParticleSystems":true,"showVisualEffectGraphs":true,"m_FxEnabled":true},"in2DMode":false,"pivot":{"x":4.553448677062988,"y":0.0000069141387939453129,"z":5.260000228881836},"rotation":{"x":-0.05378167703747749,"y":0.9402028322219849,"z":-0.28997674584388735,"w":-0.17125719785690309},"size":15.806998252868653,"orthographic":false}