{"cameraMode":{"drawMode":0,"name":"Shaded","section":"Shading Mode"},"sceneLighting":false,"audioPlay":false,"sceneViewState":{"m_AlwaysRefresh":false,"showFog":true,"showSkybox":true,"showFlares":true,"showImageEffects":true,"showParticleSystems":true,"showVisualEffectGraphs":true,"m_FxEnabled":true},"in2DMode":false,"pivot":{"x":-122.95293426513672,"y":203.24581909179688,"z":-32.0167236328125},"rotation":{"x":0.4580824375152588,"y":0.00818492192775011,"z":-0.004347729962319136,"w":0.8889783024787903},"size":0.8660253882408142,"orthographic":false}