{"cameraMode":{"drawMode":0,"name":"Shaded","section":"Shading Mode"},"sceneLighting":false,"audioPlay":false,"sceneViewState":{"m_AlwaysRefresh":false,"showFog":true,"showSkybox":true,"showFlares":true,"showImageEffects":true,"showParticleSystems":true,"showVisualEffectGraphs":true,"m_FxEnabled":true},"in2DMode":false,"pivot":{"x":-113.71003723144531,"y":132.72198486328126,"z":3.2730846405029299},"rotation":{"x":0.10462408512830734,"y":-0.8815602660179138,"z":-0.23240673542022706,"w":-0.39755958318710329},"size":15.933981895446778,"orthographic":false}