{"cameraMode":{"drawMode":0,"name":"Shaded","section":"Shading Mode"},"sceneLighting":false,"audioPlay":false,"sceneViewState":{"m_AlwaysRefresh":false,"showFog":true,"showSkybox":true,"showFlares":true,"showImageEffects":true,"showParticleSystems":true,"showVisualEffectGraphs":true,"m_FxEnabled":true},"in2DMode":false,"pivot":{"x":-109.41363525390625,"y":202.39532470703126,"z":-53.434120178222659},"rotation":{"x":0.3131052255630493,"y":0.44768691062927248,"z":-0.17109930515289308,"w":0.8200435042381287},"size":12.128095626831055,"orthographic":false}