{"cameraMode":{"drawMode":0,"name":"Shaded","section":"Shading Mode"},"sceneLighting":false,"audioPlay":false,"sceneViewState":{"m_AlwaysRefresh":false,"showFog":true,"showSkybox":true,"showFlares":true,"showImageEffects":true,"showParticleSystems":true,"showVisualEffectGraphs":true,"m_FxEnabled":true},"in2DMode":false,"pivot":{"x":-144.84840393066407,"y":247.36053466796876,"z":244.8213653564453},"rotation":{"x":-0.10555336624383927,"y":0.8812044858932495,"z":-0.39895209670066836,"w":-0.23121805489063264},"size":13.928096771240235,"orthographic":false}