{"cameraMode":{"drawMode":0,"name":"Shaded","section":"Shading Mode"},"sceneLighting":false,"audioPlay":false,"sceneViewState":{"m_AlwaysRefresh":false,"showFog":true,"showSkybox":true,"showFlares":true,"showImageEffects":true,"showParticleSystems":true,"showVisualEffectGraphs":true,"m_FxEnabled":true},"in2DMode":false,"pivot":{"x":-106.85556030273438,"y":107.50108337402344,"z":15.181161880493164},"rotation":{"x":-0.23548144102096559,"y":-0.7465110421180725,"z":0.33495038747787478,"w":-0.5246313810348511},"size":6.033975601196289,"orthographic":false}