{"cameraMode":{"drawMode":0,"name":"Shaded","section":"Shading Mode"},"sceneLighting":false,"audioPlay":false,"sceneViewState":{"m_AlwaysRefresh":false,"showFog":true,"showSkybox":true,"showFlares":true,"showImageEffects":true,"showParticleSystems":true,"showVisualEffectGraphs":true,"m_FxEnabled":true},"in2DMode":false,"pivot":{"x":-153.90045166015626,"y":117.89308166503906,"z":48.19804763793945},"rotation":{"x":-0.28232046961784365,"y":-0.4887252151966095,"z":0.17093442380428315,"w":-0.8077271580696106},"size":15.940972328186036,"orthographic":false}