{"cameraMode":{"drawMode":0,"name":"Shaded","section":"Shading Mode"},"sceneLighting":false,"audioPlay":false,"sceneViewState":{"m_AlwaysRefresh":false,"showFog":true,"showSkybox":true,"showFlares":true,"showImageEffects":true,"showParticleSystems":true,"showVisualEffectGraphs":true,"m_FxEnabled":true},"in2DMode":false,"pivot":{"x":-108.30792999267578,"y":11.85567855834961,"z":45.485137939453128},"rotation":{"x":-0.07862304896116257,"y":-0.16637499630451203,"z":0.013235668651759625,"w":-0.9829127788543701},"size":9.633977890014649,"orthographic":false}