{"cameraMode":{"drawMode":0,"name":"Shaded","section":"Shading Mode"},"sceneLighting":false,"audioPlay":false,"sceneViewState":{"m_AlwaysRefresh":false,"showFog":true,"showSkybox":true,"showFlares":true,"showImageEffects":true,"showParticleSystems":true,"showVisualEffectGraphs":true,"m_FxEnabled":true},"in2DMode":false,"pivot":{"x":-2.647829532623291,"y":2.453097343444824,"z":-0.6176624298095703},"rotation":{"x":-0.0024567011278122665,"y":0.9958034753799439,"z":-0.09068561345338822,"w":-0.02107222005724907},"size":13.41370677947998,"orthographic":false}