{"cameraMode":{"drawMode":0,"name":"Shaded","section":"Shading Mode"},"sceneLighting":false,"audioPlay":false,"sceneViewState":{"m_AlwaysRefresh":false,"showFog":true,"showSkybox":true,"showFlares":true,"showImageEffects":true,"showParticleSystems":true,"showVisualEffectGraphs":true,"m_FxEnabled":true},"in2DMode":false,"pivot":{"x":-6.478990077972412,"y":81.42158508300781,"z":241.07196044921876},"rotation":{"x":0.00026606221217662096,"y":0.9871503710746765,"z":-0.16065357625484467,"w":0.004305600188672543},"size":1.1660254001617432,"orthographic":false}