{"cameraMode":{"drawMode":0,"name":"Shaded","section":"Shading Mode"},"sceneLighting":false,"audioPlay":false,"sceneViewState":{"m_AlwaysRefresh":false,"showFog":true,"showSkybox":false,"showFlares":true,"showImageEffects":true,"showParticleSystems":true,"showVisualEffectGraphs":true,"m_FxEnabled":true},"in2DMode":false,"pivot":{"x":-60.873497009277347,"y":122.19615936279297,"z":36.79495620727539},"rotation":{"x":-0.033088188618421558,"y":-0.13267824053764344,"z":0.003836410352960229,"w":-0.9907201528549194},"size":1.6906769275665284,"orthographic":false}