{"cameraMode":{"drawMode":0,"name":"Shaded","section":"Shading Mode"},"sceneLighting":true,"audioPlay":false,"sceneViewState":{"m_AlwaysRefresh":false,"showFog":true,"showSkybox":true,"showFlares":true,"showImageEffects":true,"showParticleSystems":true,"showVisualEffectGraphs":true,"m_FxEnabled":true},"in2DMode":false,"pivot":{"x":13.854117393493653,"y":36.35782241821289,"z":-21.695880889892579},"rotation":{"x":0.0024689279962331058,"y":-0.8083784580230713,"z":-0.0033867338206619026,"w":-0.5886529684066773},"size":0.8660253882408142,"orthographic":false}