{"cameraMode":{"drawMode":0,"name":"Shaded","section":"Shading Mode"},"sceneLighting":true,"audioPlay":false,"sceneViewState":{"m_AlwaysRefresh":false,"showFog":true,"showSkybox":true,"showFlares":true,"showImageEffects":true,"showParticleSystems":true,"showVisualEffectGraphs":true,"m_FxEnabled":true},"in2DMode":false,"pivot":{"x":-37.415462493896487,"y":63.33964157104492,"z":-30.382993698120118},"rotation":{"x":0.07629760354757309,"y":0.9088537096977234,"z":-0.19116395711898805,"w":0.36280351877212527},"size":0.8660253882408142,"orthographic":false}